RANK,SCREENING_SCORE,NSTAPIPNO,PIPE_NAME,REP_GROUP,FLUID,STATUS,PIPE_SYS,DIAMETERMM,INT_DIAM,MX_OP_PRES,THICKNESS,LENGTH_M,LENGTH_KM,PIPELINE_TYPE,STRATEGIC_PIPELINE,START_DATE,END_DATE,DESCRIPTIO,COMMENTS,OBJECTID,FEATURE_ID,INF_TYPE,INSUL_TYPE,BUNDLE,BUNDLE_FLG,CRS_CODE,CRS_NAME,END_REAS,UNTRENCHED,EXPOSED,UPD_DATE,UPD_TYPE,UPD_REAS,LEGACY_ID,REP_OWNER,REP_OPERTR,REP_HOLDER,SIMPLIFIED
1,69.2,PL774,CATS PIPELINE,WOOD GROUP,GAS,ACTIVE,CATS,914.4,857.6,179.3,28.4,404973.7438559,404.9737438559,yes,yes,1993-01-26,,EVEREST TO TEESIDE 36IN GAS EXPORT,,6524,f5e96634-bf45-4e23-8aa9-f240793d0fa0,PIPELINE,,0,,23031,"UTM31, ED50",,U,E,2026-02-18,MODIFY,CRS Code and CRS Name didn't correspond,500003750,N,Y,N,N
2,67.4,PL1761,20in Gas Trunkline - Schiehallion PLEM to Sullom Voe terminal,BP EXPLORATION,GAS,ACTIVE,WoSPS Gas Export System,0,473,235,17.5,188000,188.0,yes,yes,2001-01-01,,20in Gas Trunkline - Schiehallion PLEM to Sullom Voe terminal,,1292,f7537852-9eea-4b1a-960a-98ea54386ac7,PIPELINE,,0,,4230,ED50,,,,2026-02-18,NO CHANGE,,,Y,Y,Y,N
3,67.4,PL762,SAGE PIPELINE,WOOD GROUP,GAS,ACTIVE,SAGE,762,716.5,172.3,22.7,323737.67187498,323.73767187498,yes,yes,1992-08-01,,BERYL ALPHA TO ST FERGUS 30IN GAS EXPORT,Route revised to match survey 240164_PL762,6525,e021c5b1-8081-4ec7-9549-849aadb3d896,PIPELINE,,0,,23031,"UTM31, ED50
",,U,E,2026-02-18,MODIFY,CRS Code and CRS Name didn't correspond,500004552,N,Y,N,N
4,65.4,PL3088,CYGNUS TO ETS GAS PIPELINE,ITHACA ENERGY,GAS,ACTIVE,CYGNUS,609.6,565,139.3,22.2,50233.8,50.2338,yes,yes,2014-05-14,,CYGNUS TO ETS GAS PIPELINE,Max overall outside pipeline diameter (OOD): Outside diamter = 610mm Coating = 6.4mm Concrete Coating = 220mm OOD = 836.4mm (33inches). Trenched and burried away from end points and crossings. ,2790,c362cc15-ef20-4705-89df-548c86a678be,PIPELINE,None,0,,23031,"UTM31, ED50",,T,B,2026-02-18,NO CHANGE,NO CHANGE,510000982,Y,Y,Y,N
5,64.9,PL2225,BBL BALGZAND TO BACTON,BBL COMPANY,GAS,ACTIVE,,914.4,872.6,137.4,20.9,229280.4095,229.28040950000002,yes,yes,2006-07-14,,BBL BALGZAND TO BACTON PIPELINE,,4001,369d7134-fbb8-4943-bc6a-140981b05b3b,PIPELINE,Concrete Weight Coating,0,,23031,"UTM31, ED50",,,,2026-02-18,NO CHANGE,N/A,500006952,N,Y,N,N
6,62.0,PL164,MAGNUS TO BRENT A (NLGP),ENQUEST PLC,GAS,ACTIVE,Northern Leg Gas Pipeline (NLGP),508,476,147,15.9,79336.39029,79.33639029,yes,yes,2000-04-17,,MAGNUS TO BRENT A (NLGP) 20IN GAS TRUNKLINE,,1721,71242080-34ef-4c8c-bd73-dbd55785515d,PIPELINE,55mm Stell Bar Caged Reinforced Concrete,0,,4326,WGS84,,U,E,2026-02-18,MODIFY,Attributes updated,500003817,Y,Y,Y,N
7,60.7,PL1339,BACTON TO ZEEBRUGE,FLUXYS EUROPE,GAS,ACTIVE,INTERCONNECTOR,1016,972.48,147,21.76,231578.8330355,231.5788330355,yes,yes,,,BACTON TO ZEEBRUGE GAS LINE,,4990,8d0f2274-9984-48a7-92df-c2e3de96e7ac,PIPELINE,None,0,,4230,ED50,,,,2026-02-18,NO CHANGE,,500003715,N,N,N,N
8,60.4,PL774,CATS PIPELINE,WOOD GROUP,GAS,ACTIVE,CATS,625.4,857.6,179.3,33.9,102.45,0.10245,no,no,1993-01-26,,EVEREST 36IN GAS EXPORT RIGID RISER,,6528,c22e91c2-8698-45ee-ada5-367be13d0b17,RISER,,,,23031,"UTM31, ED50",,U,E,2026-02-18,MODIFY,CRS Code and CRS Name didn't correspond,,N,Y,N,N
9,58.8,"PL762
PL762
PL762",SAGE PIPELINE,WOOD GROUP,GAS,ACTIVE,SAGE,716.5,716.5,172.3,28.6,136.346,0.136346,no,no,1992-08-01,,BERYL ALPHA 30IN GAS EXPORT RIGID RISER,,6529,7d999969-6050-46df-bcb4-490104d9c38b,RISER,,,,23031,"UTM31, ED50",,U,E,2026-02-18,MODIFY,CRS Code and CRS Name didn't correspond,,N,Y,N,N
10,58.7,PL1849,Central Gas Jumper from Manifold M1J to Manifold M1C,BP EXPLORATION,GAS,ACTIVE,Glen Lyon Gas Lift / Export System,0,517.56,257,20.62,6073,6.073,yes,yes,,,Central Gas Jumper from Manifold M1J to Manifold M1C,,1256,9b2fc4a6-9146-445f-b054-182627feb8dc,PIPELINE,,0,,4230,ED50,,,,2026-02-18,NO CHANGE,,,Y,Y,Y,N
11,56.7,PL1360,FPSO - 10in Production Flowline - 10in Flowline L43,BP EXPLORATION,MIXED HYDROCARBONS,NOT IN USE,Glen Lyon Disused Pipeline System,323.9,276.1,257,23.9,35308,35.308,yes,yes,,,FPSO - 10in Production Flowline - 10in Flowline L43,,1310,50727dd0-34a2-493c-90d9-e1b6b55bc7ab,PIPELINE,,0,,4230,ED50,,,,2026-02-18,NO CHANGE,,,Y,Y,Y,N
12,55.1,PL3086,CYGNUS A TO CYGNUS B GAS PIPELINE,ITHACA ENERGY,GAS,ACTIVE,CYGNUS,323.8,273,325,25.4,7720.8,7.7208000000000006,yes,yes,2014-05-16,,CYGNUS A TO CYGNUS B GAS PIPELINE,Max overall outside diameter (OOD): Outside diameter 323.8mm coating 5mm OOD 328.8mm (13inches),2791,9b05a2ef-c8fb-494e-92da-5cfb9d2fd51c,PIPELINE,None,0,,23031,"UTM31, ED50",,T,B,2026-02-18,NO CHANGE,NO CHANGE,510000980,Y,Y,Y,N
13,54.2,PL872,TIFFANY GAS EXPORT,CNR INTERNATIONAL,GAS,ACTIVE,PL872,273.1,244.5,248,14.3,36365,36.365,yes,yes,1992-01-01,,TIFFANY TO BRAE A TO BRAE B SUBSEA TEE 10IN GAS LINE,,3218,5dd084ab-8a0d-45a8-aee1-c8d5df4a700f,PIPELINE,,0,,0,,,T,B,2026-02-18,NO CHANGE,NO CHANGE,500005597,Y,Y,Y,N
14,53.7,PL3924,1in Gas Lift Line - Machar Gas Lift Manifold to Well W197,BP EXPLORATION,GAS,ACTIVE,ETAP Gas Lift System,450.1,254,182,98.05,4084,4.084,yes,yes,,,1in Gas Lift Line - Machar Gas Lift Manifold to Well W197,,1103,21b8a421-f490-4ca1-9689-8dcbdcf58ebe,PIPELINE,,0,,4230,ED50,,,,2026-02-18,NO CHANGE,,,Y,Y,Y,N
15,53.2,PL1361,FPSO - 8in Production Flowline - 8in Flowline L42,BP EXPLORATION,MIXED HYDROCARBONS,NOT IN USE,Glen Lyon Disused Pipeline System,304.5,236.5,257,34,22778,22.778,yes,yes,,,FPSO - 8in Production Flowline - 8in Flowline L42,,1299,d868a4eb-d113-44e7-9339-fc6afab199db,PIPELINE,,0,,4230,ED50,,,,2026-02-18,NO CHANGE,,,Y,Y,Y,N
16,53.2,PL2141,FPSO - 10in Production Flowline - 10in Flowline L27,BP EXPLORATION,MIXED HYDROCARBONS,NOT IN USE,Glen Lyon Disused Pipeline System,304.5,236.5,257,34,22910,22.91,yes,yes,,,FPSO - 10in Production Flowline - 10in Flowline L27,,1319,11cfd2ed-6d16-4b02-a0cc-ec5f787dd7c0,PIPELINE,,0,,4230,ED50,,,,2026-02-18,NO CHANGE,,,Y,Y,Y,N
17,52.9,PL2921,EAST ROCHELLE TO SSIV ROCHELLE,CNOOC INTERNATIONAL,GAS,ACTIVE,SCOTT-TELFORD,355.6,228.7,245,20.6,29590.3544772358,29.5903544772358,yes,yes,2012-09-23,,"10"" PIP EAST ROCHELLE TO SCOTT PLATFORM MAIN PRODUCTION PIPELINE",10 INCH FLOWLINE INSIDE 14INCH CARRIER,1888,d25a599e-4a78-4128-ba56-adb3382839e5,PIPELINE,SPU,,,23031,"UTM31, ED50",,T,B,2026-02-18,NO CHANGE,,510000631,Y,Y,Y,N
18,52.9,PL1257A,ERSKINE TO LOMOND GAS CONDENSATE LINE,ITHACA ENERGY,CONDENSATE,ACTIVE,,406.4,374.6,118,15.9,30245.59,30.24559,yes,yes,2001-09-25,,ERSKINE TO LOMOND 20IN/16IN PIPE-IN-PIPE CONDENSATE LINE,CHANGED FROM OIL TO CONDENSATE V38,2449,7f86ec96-f45d-46e1-9202-5eebcb4f39c3,PIPELINE,PipeinPipe LDPU Foam,0,,23031,"UTM31, ED50",,,,2026-02-18,NO CHANGE,NO CHANGE,500004804,Y,Y,Y,N
19,52.8,PL917,NINIAN CENTRAL GAS IMPORT FROM BRENT WLGP,CNR INTERNATIONAL,GAS,ACTIVE,NCP GAS EXPORT,406.4,371.4,136,17.5,25496,25.496,yes,yes,1992-01-01,,NINIAN CENTRAL TO BRENT 16IN GAS LINE,,3226,36248bba-42e7-412d-aac7-0dfcae040a30,PIPELINE,FBE,0,,0,,,T,E,2026-02-18,NO CHANGE,NO CHANGE,500003876,Y,Y,Y,N
20,52.0,PL1340,BACTON TO ZEEBRUGE (onshore),FLUXYS EUROPE,GAS,ACTIVE,INTERCONNECTOR,1027,972.48,140,27.46,1423.66995078,1.42366995078,yes,yes,,,BACTON TO ZEEBRUGE GAS LINE (Onshore),,4991,108436e5-cf85-48f3-87ac-e97b5d843dce,PIPELINE,None,,,4230,ED50,,,,2026-02-18,NO CHANGE,,,N,N,N,N
21,51.2,PL1760,12in Gas Export - Schiehallion  M1C to Schiehallion PLEM,BP EXPLORATION,GAS,ACTIVE,Glen Lyon Gas Lift / Export System,323.9,295.3,235,14.3,17000,17.0,yes,yes,2001-01-01,,12in Gas Export - Schiehallion  M1C to Schiehallion PLEM,,1298,beb04fa7-92b2-4d79-a627-91c493de688a,PIPELINE,,0,,4230,ED50,,,,2026-02-18,NO CHANGE,,,Y,Y,Y,N
22,51.1,PL3517,Production Jumper Bundle from Manifold M41 to Manifold M43 - Production/Test,BP EXPLORATION,MIXED HYDROCARBONS,ACTIVE,Glen Lyon Loyal Alligin Production System,326.9,152.4,257,87.25,47,0.047,yes,no,,,Production Jumper Bundle from Manifold M41 to Manifold M43 - Production/Test,,1079,13797319-b61c-49ee-891e-fe233a674739,PIPELINE,,0,,4230,ED50,,,,2026-02-18,NO CHANGE,,,Y,Y,Y,N
23,51.1,PL3635,Production Jumper Bundle from Manifold M1 to Manifold M1X - Gas,BP EXPLORATION,GAS,ACTIVE,Glen Lyon Gas Lift / Export System,326.9,152.4,257,87.25,80,0.08,yes,no,,,Production Jumper Bundle from Manifold M1 to Manifold M1X - Gas,,1124,aa2bdd0c-c0cc-4b01-ad99-e18281824f81,PIPELINE,,0,,4230,ED50,,,,2026-02-18,NO CHANGE,,,Y,Y,Y,N
24,51.1,PL3639,Production Jumper Bundle from Manifold M1X to XT CP20 - Production/Test,BP EXPLORATION,MIXED HYDROCARBONS,ACTIVE,Glen Lyon Central Production System,326.9,152.4,257,87.25,47,0.047,yes,no,,,Production Jumper Bundle from Manifold M1X to XT CP20 - Production/Test,,1127,ae85a63d-0d85-4db6-b1bd-9645b97cc982,PIPELINE,,0,,4230,ED50,,,,2026-02-18,NO CHANGE,,,Y,Y,Y,N
25,51.1,PL3636,Production Jumper Bundle from Manifold M1 to Manifold M1X - Production,BP EXPLORATION,MIXED HYDROCARBONS,ACTIVE,Glen Lyon Central Production System,326.9,152.4,257,87.25,80,0.08,yes,no,,,Production Jumper Bundle from Manifold M1 to Manifold M1X - Production,,1128,b436f4eb-3ac1-4dab-804e-b3ccabe5dffa,PIPELINE,,0,,4230,ED50,,,,2026-02-18,NO CHANGE,,,Y,Y,Y,N
26,51.1,PL3632,Production Jumper Bundle from M1X to XT CP01 (M1X) - Production,BP EXPLORATION,MIXED HYDROCARBONS,ACTIVE,Glen Lyon Central Production System,326.9,152.4,257,87.25,62,0.062,yes,no,,,Production Jumper Bundle from M1X to XT CP01 (M1X) - Production,,1164,e931743a-3016-4467-8987-d6aa9812bce0,PIPELINE,,0,,4230,ED50,,,,2026-02-18,NO CHANGE,,,Y,Y,Y,N
27,51.1,PL3628,Production Jumper Bundle from Manifold M1X to XT CP21 - Production,BP EXPLORATION,MIXED HYDROCARBONS,ACTIVE,Glen Lyon Central Production System,326.9,152.4,257,87.25,40,0.04,yes,no,,,Production Jumper Bundle from Manifold M1X to XT CP21 - Production,,1172,26c8980e-c222-4f59-9831-4d0fd99e9bec,PIPELINE,,0,,4230,ED50,,,,2026-02-18,NO CHANGE,,,Y,Y,Y,N
28,51.1,PL3634,Production Jumper Bundle from Manifold M1X to XT CP20 - Production,BP EXPLORATION,MIXED HYDROCARBONS,ACTIVE,Glen Lyon Central Production System,326.9,152.4,257,87.25,47,0.047,yes,no,,,Production Jumper Bundle from Manifold M1X to XT CP20 - Production,,1189,8e337bca-1c3d-4b32-a6a7-461e39cdba1f,PIPELINE,,0,,4230,ED50,,,,2026-02-18,NO CHANGE,,,Y,Y,Y,N
29,51.1,PL3627,Production Jumper Bundle from Manifold M1X to XT CP21 - Gas,BP EXPLORATION,GAS,ACTIVE,Glen Lyon Gas Lift / Export System,326.9,152.4,257,87.25,40,0.04,yes,no,,,Production Jumper Bundle from Manifold M1X to XT CP21 - Gas,,1227,b9814dc6-2eca-4910-b0c9-779e8086c5f3,PIPELINE,,0,,4230,ED50,,,,2026-02-18,NO CHANGE,,,Y,Y,Y,N
30,51.1,PL3631,Production Jumper Bundle from M1X to XT CP01 (M1X) - Gas,BP EXPLORATION,GAS,ACTIVE,Glen Lyon Gas Lift / Export System,326.9,152.4,257,87.25,62,0.062,yes,no,,,Production Jumper Bundle from M1X to XT CP01 (M1X) - Gas,,1235,e64140d6-caa2-414b-9422-cd1f51f7fb2b,PIPELINE,,0,,4230,ED50,,,,2026-02-18,NO CHANGE,,,Y,Y,Y,N
31,51.1,PL3633,Production Jumper Bundle from Manifold M1X to XT CP20 - Gas,BP EXPLORATION,GAS,ACTIVE,Glen Lyon Gas Lift / Export System,326.9,152.4,257,87.25,55,0.055,yes,no,,,Production Jumper Bundle from Manifold M1X to XT CP20 - Gas,,1244,ea4bb620-95af-493c-bfc9-e56105e53bdf,PIPELINE,,0,,4230,ED50,,,,2026-02-18,NO CHANGE,,,Y,Y,Y,N
32,50.3,PL2759J2,LAGGAN MANIFOLD TO ILT 1-1/2 ON PL2759,TOTALENERGIES UPSTREAM UK LIMITED,GAS,ACTIVE, ,273.1,230.2,517,21.44,120.98004836,0.12098004836,yes,no,,,LAGGAN MANIFOLD TO ILT 1-1/2 ON PL2759 - PROD (Flowline 1), ,5375,f5a4ce4a-069c-433c-9752-57c3f9dac8fb,PIPELINE, ,0, ,23030,UTM30N - ED50, , , ,2026-02-18,NO CHANGE, ,,Y,Y,Y,N
33,50.3,PL2759J1,TORMORE MANIFOLD TO TORMORE FLET 1-1,TOTALENERGIES UPSTREAM UK LIMITED,GAS,ACTIVE, ,273.1,230.2,517,21.44,110.16176472,0.11016176472,yes,no,,,TORMORE MANIFOLD TO TORMORE FLET 1-1 ON PL2759 - PROD (Flowline 1), ,5379,5df41886-bf19-4220-bcd9-9b803f2d88ef,PIPELINE, ,0, ,23030,UTM30N - ED50, , , ,2026-02-18,NO CHANGE, ,,Y,Y,Y,N
34,49.9,PL918,STRATHSPEY TO NINIAN CENTRAL (PL918),CNR INTERNATIONAL,MIXED HYDROCARBONS,NOT IN USE,,273,225.4,201,23.8,15608,15.608,yes,yes,1992-01-01,,STRATHSPEY TO NINIAN CENTRAL (BRENT PRODUCTION),,3213,62b6a2b4-751f-40ee-9706-2d65da52d298,PIPELINE,,0,,0,,,T,B,2026-02-18,NO CHANGE,NO CHANGE,500004229,N,N,N,N
35,48.8,PL1387,FPSO - 8in Production Flowline - 8in Flowline L2,BP EXPLORATION,MIXED HYDROCARBONS,NOT IN USE,Glen Lyon Disused Pipeline System,273.1,236.5,257,18.3,20025,20.025,yes,yes,,,FPSO - 8in Production Flowline - 8in Flowline L2,,1322,f44cbdeb-2833-45d4-8fa2-20c2fbe558ec,PIPELINE,,0,,4230,ED50,,,,2026-02-18,NO CHANGE,,,Y,Y,Y,N
36,48.4,PL6385,AFFLECK PRODUCTION PIPE-IN-PIPE FROM AFFLECK MANIFOLD TO TALBOT MANIFOLD,NEO ENERGY GROUP,MIXED HYDROCARBONS,ACTIVE,,219.1,177.9,345,20.6,20970,20.97,yes,yes,,,8INCH/12INCH PRODUCTION PIPE-IN-PIPE FROM AFFLECK MANIFOLD TO TALBOT MANIFOLD,"12 inch carrier pipe has OD 323.9mm, WT 15.9mm, and 3LPP coating (2.5mm)",6570,89535acd-d2c9-4b96-9834-32e53c7056de,PIPELINE,No coating on 8 inch inner pipe. 2.5mm of 3LPP on carrier pipe.,0,,23031,ED_1950_UTM_Zone_31N,,T,B,2026-02-18,NO CHANGE,,,Y,Y,Y,N
37,47.6,PL1384,FPSO - 10in Production Flowline - 10in Flowline L4,BP EXPLORATION,MIXED HYDROCARBONS,NOT IN USE,Glen Lyon Disused Pipeline System,273.1,236.5,257,18.3,15554,15.554,yes,yes,,,FPSO - 10in Production Flowline - 10in Flowline L4,,1312,dcf95836-1aa8-4028-a2ce-ebcbea2f252f,PIPELINE,,0,,4230,ED50,,,,2026-02-18,NO CHANGE,,,Y,Y,Y,N
38,46.9,PL2670,"TULLICH 6"" PRODUCTION AT WELL P31",TOTALENERGIES UPSTREAM UK LIMITED,MIXED HYDROCARBONS,NOT IN USE, ,282.6,152.4,220,65.1,113.56418137,0.11356418137,yes,no,,,"TULLICH WELL P31 TO TULLICH MANIFOLD :  6"" PRODUCTION JUMPER",Gryphon A FPSO left Field on 15/10/25,5065,77e90510-1c11-4df4-9d41-3006e4d37748,PIPELINE, ,0, ,0, , , , ,2026-02-18,MODIFY,Gryphon Decommissioning Ongoing,,Y,Y,Y,N
39,46.8,PL3110,"TULLICH 6"" PRODUCTION AT WELL P35",TOTALENERGIES UPSTREAM UK LIMITED,MIXED HYDROCARBONS,NOT IN USE, ,282.6,152.4,220,65.1,66.90356996,0.06690356995999999,yes,no,,,"TULLICH WELL P35 TO TULLICH MANIFOLD :  6"" PRODUCTION JUMPER",Gryphon A FPSO left Field on 15/10/25,5123,6546060d-0d7b-4c15-b8c9-112bf57bcd87,PIPELINE, ,0, ,0, , , , ,2026-02-18,MODIFY,Gryphon Decommissioning Ongoing,,Y,Y,Y,N
40,46.7,PL2922,WEST ROCHELLE TO EAST ROCHELLE PL2922,CNOOC INTERNATIONAL,GAS,ACTIVE,ROCHELLE,355.6,228.7,245,20.6,7589.99601387348,7.589996013873479,yes,yes,2012-10-10,,"10""PIP WEST ROCHELLE TO EAST ROCHELLE MAIN PRODUCTION PIPELINE",10 INCH FLOWLINE INSIDE 14INCH CARRIER,1934,c72df4c6-0888-4054-82c5-823ff997ceca,PIPELINE,SPU,,,23031,"UTM31, ED50",,,,2026-02-18,NO CHANGE,,510000632,Y,Y,Y,N
41,46.4,PL919,STRATHSPEY TO NINIAN CENTRAL (PL919),CNR INTERNATIONAL,MIXED HYDROCARBONS,NOT IN USE,,219.1,177.9,201,20.6,15555,15.555,yes,yes,1992-01-01,,STRATHSPEY TO NINIAN CENTRAL (BRENT TEST),,3214,5afce2f0-6df9-4037-95d0-f1ebf42085cc,PIPELINE,,0,,0,,,T,B,2026-02-18,NO CHANGE,NO CHANGE,500004233,N,N,N,N
42,46.3,PL920,STRATHSPEY TO NINIAN CENTRAL (PL920),CNR INTERNATIONAL,MIXED HYDROCARBONS,NOT IN USE,,219.1,177.9,200,20.6,15637,15.637,yes,yes,1992-01-01,,STRATHSPEY TO NINIAN CENTRAL (PL920),,3106,8eaff234-d539-4126-b3fb-25bb0be5c688,PIPELINE,,0,,0,,,T,B,2026-02-18,MODIFY,Status Update,500004234,N,N,N,N
43,46.3,PL921,STRATHSPEY TO NINIAN CENTRAL (PL921),CNR INTERNATIONAL,MIXED HYDROCARBONS,NOT IN USE,,219.1,177.9,200,20.6,15555,15.555,yes,yes,1992-01-01,,STRATHSPEY TO NINIAN CENTRAL (PL921),,3107,a1b4cf5b-25eb-42e4-b37b-495e42a3c641,PIPELINE,,0,,0,,,T,B,2026-02-18,MODIFY,Status Update,500004232,N,N,N,N
44,46.1,PL1386,FPSO - 10in Production Flowline - 10in Flowline L5,BP EXPLORATION,MIXED HYDROCARBONS,NOT IN USE,Glen Lyon Disused Pipeline System,168.3,149.3,257,9.5,35391,35.391,yes,yes,,,FPSO - 10in Production Flowline - 10in Flowline L5,,1307,2bebf1d5-0082-42de-9c96-e0dcef8a7c64,PIPELINE,,0,,4230,ED50,,,,2026-02-18,NO CHANGE,,,Y,Y,Y,N
45,46.1,PL2365,"TULLICH 6"" PRODUCTION AT WELL P25",TOTALENERGIES UPSTREAM UK LIMITED,MIXED HYDROCARBONS,NOT IN USE, ,282.8,152.4,207,65.25,74.55075521,0.07455075521,yes,no,,,"TULLICH WELL P25 TO TULLICH MANIFOLD :  6"" PRODUCTION JUMPER",Gryphon A FPSO left Field on 15/10/25,5126,e0ffe669-514c-430c-969c-6e09fc5093e9,PIPELINE, ,0, ,0, , , , ,2026-02-18,MODIFY,Gryphon Decommissioning Ongoing,,Y,Y,Y,N
46,45.8,PL1648,TRITON FPSO TO BITTERN DCB OIL LINE 2,DANA PETROLEUM LIMITED,MIXED HYDROCARBONS,ACTIVE,,362.1,244.5,180,14.3,20206.9627658,20.2069627658,yes,yes,2003-03-04,,TRITON FPSO TO BITTERN DRILL CENTRE B 10IN OIL LINE 2,,4478,fdce5fd2-a42c-495e-b688-98d09d5ac285,PIPELINE,,0,,23090,ED_1950_TM_0_N,,,,2026-02-18,NO CHANGE,2025-05 RETURN. ATTRIBUTE CHANGES.,500005541,Y,Y,Y,N
47,45.8,PL1652,GW PROD LINE 1 DC1 VIA DC2 TO TRITON FPSO,DANA PETROLEUM LIMITED,MIXED HYDROCARBONS,ACTIVE, ,490.4,304.8,180,20,3056,3.056,yes,yes,2020-09-01,,GW PROD LINE 1 DC1 VIA DC2 TO TRITON FPSO - SECTION DC1 TO DC2 2020,30/W/98. THIS SECTION OF LINE REPLACES THE ORIGINAL SECTION LAYED WHICH IS STILL ON THE SEABED. SEE PL1652A.,4707,d1f07fae-2057-4d4a-98b6-5d564973584f,PIPELINE, ,0, ,23090,ED_1950_TM_0_N, , , ,2026-02-18,NO CHANGE,2025-05 RETURN. ATTRIBUTE CHANGES.,,Y,Y,Y,N
48,45.7,PL200,STATFJORD B SPUR (NLGP),ENQUEST PLC,GAS,ACTIVE,,324,295,172,14.27,10887.47684,10.88747684,yes,yes,2000-04-17,,STATFJORD B SPUR (NLGP) 12IN GAS LINE,,1711,530d049f-71db-4a3c-a9a6-59531e86a509,PIPELINE,,0,,4326,WGS84,,U,E,2026-02-18,MODIFY,Attributes updated,500003815,Y,Y,Y,N
49,45.4,PL1891.1,ANP TIE-IN SPOOL,ITHACA ENERGY,MIXED HYDROCARBONS,ACTIVE,,273.1,211.1,320,31.1,127,0.127,yes,no,,,ANP TO AXS SSIV TOWHEAD 10 IIN PRODUCTION 1 TIE-IN SPOOLS,Added 04/03/22,2912,02f040d6-cccd-4535-a96b-b1cfd19026b0,PIPELINE,25mm SPU,0,,23031,"UTM31, ED50",,,,2026-02-18,MODIFY,LENGTH; Geometry Updated,,Y,Y,Y,N
50,45.4,PL1891.2,ANP TIE-IN SPOOL,ITHACA ENERGY,MIXED HYDROCARBONS,ACTIVE,,273.1,211.1,320,31.1,103,0.103,yes,no,,,ANP TO AXS SSIV TOWHEAD 10 IIN PRODUCTION 2 TIE-IN SPOOLS,Added 04/03/22,2923,2f201813-e3ca-4ea1-885f-dd0b36f11648,PIPELINE,25mm SPU,0,,23031,"UTM31, ED50",,,,2026-02-18,MODIFY,NSTA_PIP_NO; LENGTH; Geometry Updated,,Y,Y,Y,N
51,45.4,PL1251,THELMA PRODUCTION PIPELINE,CNR INTERNATIONAL,MIXED HYDROCARBONS,ACTIVE,,273,238.5,290,17.3,11825,11.825,yes,yes,,,THELMA PPSM TO TIFFANY BUNDLED PRODUCTION PIPELINE,Contained within Thelma Bundle 1 & 2 from Toni/Thelma Towhead to Tiffany SSIV Towhead,2977,28def92e-4a65-4a65-9ffd-cf0d5e97981f,PIPELINE,,0,B,0,,,U,E,2026-02-18,NO CHANGE,NO CHANGE,510004565,Y,Y,Y,N
52,44.7,PL2921,SSIV ROCHELLE TO SCOTT GAS PL2921,CNOOC INTERNATIONAL,GAS,ACTIVE,SCOTT,355.6,228.7,245,20.6,553.784430891546,0.5537844308915459,yes,no,2012-09-23,,"10"" PIP EAST ROCHELLE TO SCOTT PLATFORM MAIN PRODUCTION PIPELINE",10 INCH FLOWLINE INSIDE 14INCH CARRIER,2085,673572c9-0f09-41c2-b0df-a45b4ad43dae,PIPELINE,SPU,,,23031,"UTM31, ED50",,T,B,2026-02-18,NO CHANGE,,510000631,Y,Y,Y,N
53,44.3,PL1645,TRITON FPSO TO GANNET DIVERTER,DANA PETROLEUM LIMITED,GAS,ACTIVE,,273.1,251.3,200,10.9,11958,11.958,yes,yes,2000-10-24,,TRITON FPSO TO GANNET DIVERTER 10IN GAS EXPORT LINE,28/W/98 - ,4479,73cf95aa-6eea-486f-a761-01a3ba2838ef,PIPELINE,,0,,4326,GCS_WGS_1984,,,,2026-02-18,NO CHANGE,2025-05 RETURN. ATTRIBUTE CHANGES.,500003726,Y,Y,Y,N
54,44.3,PL3999JWP2,GLENLIVET WELL GP2 TO MANIFOLD - PROD,TOTALENERGIES UPSTREAM UK LIMITED,GAS,ACTIVE, ,168.3,124.5,517,21.9,71.48311577,0.07148311577,yes,no,,,"GLENLIVET WELL GP2 TO GLENLIVET MANIFOLD - 6"" PROD", ,5224,7336212e-1fe9-4b27-974c-177e3b55933f,PIPELINE, ,0,B,23030,UTM30N - ED50, , , ,2026-02-18,NO CHANGE, ,,Y,Y,Y,N
55,44.3,PL3733,TORMORE WELL TO MANIFOLD - PROD,TOTALENERGIES UPSTREAM UK LIMITED,GAS,ACTIVE, ,168.3,124.5,517,21.9,58.95309075,0.05895309075,yes,no,,,"TORMORE WELL TO TORMORE MANIFOLD - 6"" PROD", ,5376,0f68ab9a-5e1c-43a9-b3b9-2c9d4e0c4648,PIPELINE, ,0,B,23030,UTM30N - ED50, , , ,2026-02-18,NO CHANGE, ,,Y,Y,Y,N
56,44.3,PL3995JWP1,EDRADOUR WELL TO MANIFOLD - PROD,TOTALENERGIES UPSTREAM UK LIMITED,GAS,ACTIVE, ,168.3,124.5,517,21.9,65.880554,0.06588055400000001,yes,no,,,"EDRADOUR WELL TO EDRADOUR MANIFOLD - 6"" PROD", ,5391,7111ad49-3d0d-48b7-a525-067ff915495e,PIPELINE, ,0,B,23030,UTM30N - ED50, , , ,2026-02-18,NO CHANGE, ,,Y,Y,Y,N
57,44.3,PL3999JWP1,GLENLIVET WELL GP1 TO MANIFOLD - PROD,TOTALENERGIES UPSTREAM UK LIMITED,GAS,ACTIVE, ,168.3,124.5,517,21.9,67.02590722,0.06702590722,yes,no,,,"GLENLIVET WELL GP1 TO GLENLIVET MANIFOLD - 6"" PROD", ,5392,85230090-04fc-4486-9d80-3683aea82a09,PIPELINE, ,0,B,23030,UTM30N - ED50, , , ,2026-02-18,NO CHANGE, ,,Y,Y,Y,N
58,44.1,PL2924,WEST ROCHELLE WELL TO WEST MANIFOLD  PL2924,CNOOC INTERNATIONAL,GAS,ACTIVE,ROCHELLE,168.3,136.5,345,15.9,79.9410709769109,0.07994107097691089,yes,no,2012-10-10,,WEST ROCHELLE TO WEST MANIFOLD PRODUCTION JUMPER,6 INCH PRODUCTION JUMPER,2016,2a438e72-1073-4867-baf8-4c4c036ff878,PIPELINE,SPU,,,23031,"UTM31, ED50",,,,2026-02-18,NO CHANGE,,510000635,Y,Y,Y,N
59,43.4,PL3080JMDC5,STELLA MDC TO WELL A3Y (SCP2) PRODUCTION,ITHACA ENERGY,MIXED HYDROCARBONS,ACTIVE,,168.3,139.8,421,14.3,138,0.138,yes,no,,,STELLA MDC TO WELL A3Y (SCP2) PRODUCTION,Added 04/03/22,2943,78302f5c-a37c-4fbc-af06-c6566e3c473c,PIPELINE,94mm  SPU,0,,23031,"UTM31, ED50",,,,2026-02-18,MODIFY,NSTA_PIP_NO Updated,,Y,Y,Y,N
60,43.4,PL3080JMDC4,STELLA MDC TO WELL A2Z (SCP3) PRODUCTION,ITHACA ENERGY,MIXED HYDROCARBONS,ACTIVE,,168.3,139.8,421,14.3,95,0.095,yes,no,,,STELLA MDC TO WELL A2Z (SCP3) PRODUCTION,Added 04/03/22,2945,6ec49ee6-ff3c-49ee-b0ee-f3cc4e2659d1,PIPELINE,94mm  SPU,0,,23031,"UTM31, ED50",,,,2026-02-18,MODIFY,"NSTA_PIP_NO, NAME, DESC Updated",,Y,Y,Y,N
61,43.4,PL3080JNDC1,STELLA NDC MANIFOLD TO WELL B1X (SNP2) PRODUCTION,ITHACA ENERGY,MIXED HYDROCARBONS,ACTIVE,,168.3,139.8,421,14.3,89,0.089,yes,no,,,STELLA NDC MANIFOLD TO WELL B1X (SNP2) PRODUCTION,Added 11/03/22,2954,958a3640-407b-46a5-bdd5-7dd6a132267c,PIPELINE,,0,,23031,"UTM31, ED50",,,,2026-02-18,MODIFY,"NSTA_PIP_NO, NAME, DESCRIPTIO Updated",,Y,Y,Y,N
62,42.0,PL1911JC,"TULLICH 6"" PRODUCTION AT WELL P15",TOTALENERGIES UPSTREAM UK LIMITED,MIXED HYDROCARBONS,NOT IN USE, ,251.3,152.4,200,49.4,54.04860682,0.054048606820000004,yes,no,,,"TULLICH WELL P15 TO TULLICH MANIFOLD:  6"" PRODUCTION JUMPER",Gryphon A FPSO left Field on 15/10/25,5124,b47162b4-a438-447c-8cb9-7a5f6c011aa3,PIPELINE, ,0, ,0, , , , ,2026-02-18,MODIFY,Gryphon Decommissioning Ongoing,,Y,Y,Y,N
63,42.0,PL1911JB,"TULLICH 6"" PRODUCTION AT WELL P14",TOTALENERGIES UPSTREAM UK LIMITED,MIXED HYDROCARBONS,NOT IN USE, ,251.3,152.4,200,49.4,52.03605943,0.05203605943,yes,no,,,"TULLICH WELL P14 TO TULLICH MANIFOLD :  6"" PRODUCTION JUMPER",Gryphon A FPSO left Field on 15/10/25,5129,a0a39904-86c9-40ec-86b2-67bde2b53be7,PIPELINE, ,0, ,0, , , , ,2026-02-18,MODIFY,Gryphon Decommissioning Ongoing,,Y,Y,Y,N
64,41.6,PL1891.3,ANP TIE-IN SPOOL,ITHACA ENERGY,MIXED HYDROCARBONS,ACTIVE,,219.1,168.1,320,25.5,124,0.124,yes,no,,,ANP TO AXS SSIV TOWHEAD 8IN PRODUCTION TEST TIE-IN SPOOLS,Added 04/03/22,2964,c955efd5-1325-4262-a124-36ee39a31e4b,PIPELINE,25mm SPU,0,,23031,"UTM31, ED50",,,,2026-02-18,MODIFY,NSTA_PIP_NO; LENGTH; Geometry Updated,,Y,Y,Y,N
65,41.2,PL1253,THELMA GAS LIFT,CNR INTERNATIONAL,GAS,ACTIVE,,163.7,101.5,240,31.1,6948.7,6.9487,yes,yes,2018-06-20,,TONI PPSM TO TONI/THELMA TOWHEAD GAS LIFT PIPELINE,Contained within Thelma Bundle 2 from Toni/Thelma Towhead to Thelma Towhead,3235,91d81263-87e3-486b-8ddc-94f0825959b5,PIPELINE,,0,B,0,,,U,E,2026-02-18,NO CHANGE,NO CHANGE,510004565,Y,Y,Y,N
66,40.9,PL3184,Clair Ridge - 6in Gas Export Pipeline,BP EXPLORATION,GAS,ACTIVE,Clair Gas Export System,168.3,146.3,235,11,13900,13.9,yes,yes,2014-01-01,,Clair Ridge - 6in Gas Export Pipeline,,1317,fdf0542c-5409-4afc-a53b-328178d4b777,PIPELINE,,0,,4230,ED50,,,,2026-02-18,NO CHANGE,,,Y,Y,Y,N
67,40.6,PL1648,BITTERN DCB TO BITTERN DCA OIL LINE 2,DANA PETROLEUM LIMITED,MIXED HYDROCARBONS,ACTIVE,,362.1,244.5,180,14.3,1700,1.7,yes,yes,2003-03-04,,BITTERN DRILL CENTRE B TO BITTERN DRILL CENTRE A 10IN OIL LINE 2,2024-03 REPLACED PREVIOUSLY REPORTED GEOMETRY. LATEST GEOMETRY EXTRACTED FROM DWG FILE,4624,a4f339ca-ea68-419c-bdf9-198c5d9125d2,PIPELINE,,0,,0,,,,,2026-02-18,NO CHANGE,2025-05 RETURN. ATTRIBUTE CHANGES.,500005544,Y,Y,Y,N
68,40.3,PL1714,Production Jumper Bundle from Manifold M21 to Manifold M24 - Gas,BP EXPLORATION,GAS,ACTIVE,Glen Lyon Gas Lift / Export System,254,241,257,17.7,56,0.056,yes,no,,,Production Jumper Bundle from Manifold M21 to Manifold M24 - Gas,,1105,736d9dd3-3620-4ed9-b513-41ead66bb807,PIPELINE,,0,,4230,ED50,,,,2026-02-18,NO CHANGE,,,Y,Y,Y,N
69,40.3,PL3262,Production Jumper Bundle from Manifold M1 to XT CP05 - Production,BP EXPLORATION,MIXED HYDROCARBONS,ACTIVE,Glen Lyon Central Production System,254,241,257,17.7,31,0.031,yes,no,,,Production Jumper Bundle from Manifold M1 to XT CP05 - Production,,1136,cb3a3bce-8076-45aa-8a8e-f8182bf20f32,PIPELINE,,0,,4230,ED50,,,,2026-02-18,NO CHANGE,,,Y,Y,Y,N
70,40.3,PL3286,Production Jumper Bundle from Manifold M1 to XT CP05 - Production/Test,BP EXPLORATION,MIXED HYDROCARBONS,ACTIVE,Glen Lyon Central Production System,254,241,257,17.7,31,0.031,yes,no,,,Production Jumper Bundle from Manifold M1 to XT CP05 - Production/Test,,1190,473fd4bb-7bcc-481d-842e-4192f3fe4e69,PIPELINE,,0,,4230,ED50,,,,2026-02-18,NO CHANGE,,,Y,Y,Y,N
71,40.3,PL3457,Production Jumper Bundle from Manifold M21 to XT WP02 - Production,BP EXPLORATION,MIXED HYDROCARBONS,ACTIVE,Glen Lyon West Production System,254,241,257,17.7,180,0.18,yes,no,,,Production Jumper Bundle from Manifold M21 to XT WP02 - Production,,1217,40e44ee0-7e4b-4d47-a14a-d1e0fe1f9164,PIPELINE,,0,,4230,ED50,,,,2026-02-18,NO CHANGE,,,Y,Y,Y,N
72,40.3,PL3393,Production Jumper Bundle from Manifold M121 to XT FP02 - Production/Test,BP EXPLORATION,MIXED HYDROCARBONS,ACTIVE,Glen Lyon North West Production System,254,241,257,17.7,56,0.056,yes,no,,,Production Jumper Bundle from Manifold M121 to XT FP02 - Production/Test,,1239,31140114-35c4-4fb6-b34c-032e1772d283,PIPELINE,,0,,4230,ED50,,,,2026-02-18,NO CHANGE,,,Y,Y,Y,N
73,40.3,PL3456,Production Jumper Bundle from Manifold M21 to XT WP01 - Production,BP EXPLORATION,MIXED HYDROCARBONS,ACTIVE,Glen Lyon West Production System,254,241,257,17.7,44,0.044,yes,no,,,Production Jumper Bundle from Manifold M21 to XT WP01 - Production,,1285,dbaf6bbc-e070-4aa2-a50f-728949c940cc,PIPELINE,,0,,4230,ED50,,,,2026-02-18,NO CHANGE,,,Y,Y,Y,N
74,39.9,PL3516,Loyal Production Jumper XT LP03 to Manifold M43,BP EXPLORATION,MIXED HYDROCARBONS,ACTIVE,Glen Lyon Loyal Alligin Production System,273.1,241.3,257,15.9,47,0.047,yes,no,,,Loyal Production Jumper XT LP03 to Manifold M43,,1118,2078f063-16fe-4d52-b40e-1debd2eeb749,PIPELINE,,0,,4230,ED50,,,,2026-02-18,NO CHANGE,,,Y,Y,Y,N
75,39.9,PL3390,8in Gas Lift Pipeline L121,BP EXPLORATION,GAS,ACTIVE,Glen Lyon Gas Lift / Export System,273,241.3,257,15.9,53,0.053,yes,no,,,8in Gas Lift Pipeline L121,,1196,c8a96b5b-dd14-4c9c-b76c-5966f0f7603a,PIPELINE,,0,,4230,ED50,,,,2026-02-18,NO CHANGE,,,Y,Y,Y,N
76,39.9,PL1416,FPSO - 8in Production Flowline - 8in Flowline L23,BP EXPLORATION,MIXED HYDROCARBONS,NOT IN USE,Glen Lyon Disused Pipeline System,219.075,192.1,257,13.5,1618,1.618,yes,yes,,,FPSO - 8in Production Flowline - 8in Flowline L23,,1333,44822462-f6c3-40b3-987b-c588eeba1ccd,PIPELINE,,0,,4230,ED50,,,,2026-02-18,NO CHANGE,,,Y,Y,Y,N
77,39.9,PL922,NINIAN CENTRAL TO STRATHSPEY UTILITIES,CNR INTERNATIONAL,MIXED HYDROCARBONS,NOT IN USE,,114.3,80.1,200,17.1,15729,15.729,yes,yes,1992-01-01,,NINIAN CENTRAL TO STRATHSPEY MANIFOLD UTILITIES 4IN,Piggybacked to PL918,3109,b2114106-b673-4598-8e58-d9f78fee687b,PIPELINE,,0,P,0,,,T,B,2026-02-18,MODIFY,Status Update,510004564,N,N,N,N
78,39.8,PL1845,Clair 6in Gas Export/import,BP EXPLORATION,GAS,ACTIVE,Clair Gas Export System,168.3,146.3,235,11,10100,10.1,yes,yes,2004-01-01,,Clair 6in Gas Export/import,,1320,bdd8526c-f697-468b-8e8b-948a30e14ec4,PIPELINE,,0,,4230,ED50,,,,2026-02-18,NO CHANGE,,,Y,Y,Y,N
79,39.1,PL1647,"GE 9"" PROD FLEXIBLE 2",DANA PETROLEUM LIMITED,MIXED HYDROCARBONS,ACTIVE,,229.2,228.6,180,35.3,220.92483672,0.22092483672,yes,no,,,"GEEBB to Triton 9"" PROD FLEXIBLE 2",GEOMETRY EXTRACTED FROM UK-TRI-OP-SUB-LAD-0002 DATED JULY 2023 AND EXTENDED. THIS FLEXIBLE TIES INTO THE ORIGINAL PL1647 AS PART OF THE GANNET E EVELYN BELINDA EXPANSION,4630,9da9eee1-4dce-4f73-84b6-8694586eee4b,PIPELINE,,0,,23090,ED_1950_TM_0_N,,,,2026-02-18,NO CHANGE,2025-05 RETURN. ATTRIBUTE CHANGES.,,Y,Y,Y,N
80,38.9,PL1431,8in Gas Lift / Export Pipeline L21,BP EXPLORATION,GAS,ACTIVE,Glen Lyon Disused Pipeline System,219.1,182.5,257,18.3,6601,6.601,yes,yes,,,8in Gas Lift / Export Pipeline L21,,1296,74403594-c7c5-4b1e-bcb8-d694cb8430f3,PIPELINE,,0,,4230,ED50,,,,2026-02-18,NO CHANGE,,,Y,Y,Y,N
81,38.7,PL3466,West Gas Jumper from Manifold M25 to Manifold M125,BP EXPLORATION,GAS,ACTIVE,Glen Lyon Gas Lift / Export System,218,152,257,33,149,0.149,yes,no,,,West Gas Jumper from Manifold M25 to Manifold M125,,1254,dbb570d3-4d2b-475c-93ff-cafe3dc94d02,PIPELINE,,0,,4230,ED50,,,,2026-02-18,NO CHANGE,,,Y,Y,Y,N
82,38.7,PL3037,PL3037 - GEAD EXPORT SSIV TO GEAD PLEM,CNOOC INTERNATIONAL,GAS,ACTIVE,SAGE,168.3,146.3,180,10.9,17985.0146134176,17.9850146134176,yes,yes,2013-04-05,,GOLDEN EAGLE TO ETTRICK GAS IMPORT/EXPORT,,1960,eb6b9ad3-960d-4d1c-a50c-651bd5e6ad98,PIPELINE,3LPP,,,23030,"UTM30, ED50",,T,B,2026-02-18,NO CHANGE,,510000882,Y,Y,Y,N
83,38.6,PL1252,THELMA TEST PIPELINE,CNR INTERNATIONAL,MIXED HYDROCARBONS,ACTIVE,,168.3,144.9,290,11.7,11825,11.825,yes,yes,,,THELMA PPSM TO TIFFANY BUNDLED TEST PIPELINE,Contained within Thelma Bundle 1 & 2 from Toni/Thelma Towhead to Tiffany SSIV Towhead,2978,320953bd-1567-429b-beef-dc1cef099bf3,PIPELINE,,0,B,0,,,U,E,2026-02-18,NO CHANGE,NO CHANGE,510004565,Y,Y,Y,N
84,38.5,PL1357JW123,W123 to Machar Production Manifold 6in Production Line,BP EXPLORATION,MIXED HYDROCARBONS,ACTIVE,ETAP Machar Production System,273.1,237.1,215,18,2957,2.957,yes,yes,,,W123 to Machar Production Manifold 6in Production Line,,1102,88ed7c27-d1fc-410b-8897-1a6038637bc1,PIPELINE,,0,,4230,ED50,,,,2026-02-18,NO CHANGE,,,Y,Y,Y,N
85,38.4,PL1385,FPSO - 10in Production Flowline - 10in Flowline L3,BP EXPLORATION,MIXED HYDROCARBONS,NOT IN USE,Glen Lyon Disused Pipeline System,114.3,98.5,257,7.9,19955,19.955,yes,yes,,,FPSO - 10in Production Flowline - 10in Flowline L3,,1309,388dc94d-a8d6-4248-971e-6f8139550e93,PIPELINE,,0,,4230,ED50,,,,2026-02-18,NO CHANGE,,,Y,Y,Y,N
86,38.3,PL3081JMDC2,STELLA MDC TO WELL A2Z (SCP3) GAS LIFT LINE,ITHACA ENERGY,GAS,ACTIVE,,79.4,50.8,421,14.3,99,0.099,yes,no,,,STELLA MDC TO WELL A2Z (SCP3) GAS LIFT LINE,Added 04/03/22,2953,a84f874e-2217-4cb0-88f4-844d9fbdad2d,PIPELINE,94mm  SPU,0,,23031,"UTM31, ED50",,,,2026-02-18,MODIFY,NSTA_PIP_NO Updated,,Y,Y,Y,N
87,38.3,PL6018,"PL6018 DISCONNECTED GE MANIFOLD to GE-03 XMAS TREE 6"" FLEXIBLE JUMPER",SERICA ENERGY,MIXED HYDROCARBONS,NOT IN USE,,218.5,152.4,200,33.05,54,0.054,yes,no,,,"DISCONNECTED GE MANIFOLD to GE-03 XMAS TREE 6"" FLEXIBLE JUMPER",,3918,c25f3304-2a3e-4ee9-844d-d3dbc89f674f,PIPELINE,TP14 External Sheath,0,,23031,ED_1950_UTM_Zone_31N,,,,2026-02-18,NO CHANGE,2024/09 Reporting of infrastructure within 500m safety zone. Previously unreported,,Y,Y,Y,N
88,38.2,PL3081JMDC1,STELLA MDC TO WELL A1Z (SCP1) GAS LIFT LINE,ITHACA ENERGY,MIXED HYDROCARBONS,ACTIVE,,79.4,50.8,421,14.3,83,0.083,yes,no,,,"2"" STELLA MDC TO WELL A1Z (SCP1) GAS LIFT LINE",Added 04/03/22,2944,6efd7cfd-cf64-4f61-a91b-8f18466810f3,PIPELINE,94mm  SPU,0,,23031,"UTM31, ED50",,,,2026-02-18,MODIFY,"NSTA_PIP_NO, INT_DIAM, NAME, DESC, DIAMETERMM Updated",,Y,Y,Y,N
89,38.0,PL3444,West Production Jumper B (10in) from Manifold M125 to Manifold M24,BP EXPLORATION,MIXED HYDROCARBONS,ACTIVE,Glen Lyon West Production System,203.2,188,257,16.7,3646,3.646,yes,yes,,,West Production Jumper B (10in) from Manifold M125 to Manifold M24,,1082,93d42f64-d400-4a7d-ad83-c45b884352b3,PIPELINE,,0,,4230,ED50,,,,2026-02-18,NO CHANGE,,,Y,Y,Y,N
90,37.8,PL2204,W127 to W123 6in Production Line,BP EXPLORATION,MIXED HYDROCARBONS,ACTIVE,ETAP Machar Production System,218.1,152.4,215,27.85,10073,10.073,yes,yes,,,W127 to W123 6in Production Line,,1077,00739a5a-4540-40b8-aace-b4425df8a87e,PIPELINE,,0,,4230,ED50,,,,2026-02-18,NO CHANGE,,,Y,Y,Y,N
91,37.8,PL3168,PL3168 - GEAD NORTHERN DRILL CENTRE MANIFOLD TO GEAD NORTH FIELD SSIV,CNOOC INTERNATIONAL,MIXED HYDROCARBONS,ACTIVE,GEAD,219.1,200,175,9.5,5866.14567569619,5.86614567569619,yes,yes,2014-08-01,,INFIELD PRODUCTION PIPELINE,,1985,b22ca7ed-afb4-45e6-b2aa-c4adee162191,PIPELINE,AEROGEL,,,23030,"UTM30, ED50",,T,B,2026-02-18,NO CHANGE,,510001164,Y,Y,Y,N
92,37.5,PL1891(J)P1,"AXS TO WELL P1 6"" PRODUCTION SPOOL",ITHACA ENERGY,MIXED HYDROCARBONS,ACTIVE,,168.3,137.9,320,15.2,55,0.055,yes,no,,,"AXS TO WELL P1 6"" PRODUCTION SPOOL",,2939,69b436a9-ccdc-419f-97bb-fdbf5985a52c,PIPELINE,,0,,23031,"UTM31, ED50",,U,E,2026-02-18,MODIFY,"NSTA_PIP_NO, LENGTH, NAME, DESCRIPTIO, EXPOSED, UNTRENCHED Updated",,Y,Y,Y,N
93,37.5,PL1891(J)P2,"AXS TO WELL P2 6"" PRODUCTION SPOOL",ITHACA ENERGY,MIXED HYDROCARBONS,ACTIVE,,168.3,137.9,320,15.2,40,0.04,yes,no,,,"AXS TO WELL P2 6"" PRODUCTION SPOOL",,2949,9b79919e-6b7e-4b85-bca1-b1030c0ad5a9,PIPELINE,,0,,23031,"UTM31, ED50",,U,E,2026-02-18,MODIFY,"NSTA_PIP_NO, LENGTH, NAME, DESCRIPTIO, EXPOSED, UNTRENCHED Updated",,Y,Y,Y,N
94,37.5,PL1891(J)P4,"AXS TO WELL P4 6"" PRODUCTION SPOOL",ITHACA ENERGY,MIXED HYDROCARBONS,ACTIVE,,168.3,137.9,320,15.2,40,0.04,yes,no,,,"AXS TO WELL P4 6"" PRODUCTION SPOOL",,2960,d9d5e6dc-f00a-4278-a848-1b8895862be8,PIPELINE,,0,,23031,"UTM31, ED50",,U,E,2026-02-18,MODIFY,"NSTA_PIP_NO, LENGTH, NAME, DESCRIPTIO, EXPOSED, UNTRENCHED Updated",,Y,Y,Y,N
95,37.5,PL1891(J)P6,"AXS TO WELL P6 6"" PRODUCTION SPOOL",ITHACA ENERGY,MIXED HYDROCARBONS,ACTIVE,,168.3,137.9,320,15.2,62,0.062,yes,no,,,"AXS TO WELL P6 6"" PRODUCTION SPOOL",,2962,be0bbab5-f852-40ad-a0cf-3f867aa52569,PIPELINE,,0,,23031,"UTM31, ED50",,U,E,2026-02-18,MODIFY,"NSTA_PIP_NO, LENGTH, NAME, DESCRIPTIO, EXPOSED, UNTRENCHED Updated",,Y,Y,Y,N
96,37.5,PL1891(J)P3,"AXS TO WELL P3 6"" PRODUCTION SPOOL",ITHACA ENERGY,MIXED HYDROCARBONS,ACTIVE,,168.3,137.9,320,15.2,33,0.033,yes,no,,,"AXS TO WELL P3 6"" PRODUCTION SPOOL",,2971,f69783ec-c319-4a0c-a7e9-74a6f6afb513,PIPELINE,,0,,23031,"UTM31, ED50",,U,E,2026-02-18,MODIFY,"NSTA_PIP_NO, LENGTH, NAME, DESCRIPTIO, EXPOSED, UNTRENCHED Updated",,Y,Y,Y,N
97,37.5,PL1891(J)P5,"AXS TO WELL P5 6"" PRODUCTION SPOOL",ITHACA ENERGY,MIXED HYDROCARBONS,ACTIVE,,168.3,137.9,320,15.2,62,0.062,yes,no,,,"AXS TO WELL P5 6"" PRODUCTION SPOOL",,2972,f5274d5e-8b77-47b4-88a8-583fda24f7c8,PIPELINE,,0,,23031,"UTM31, ED50",,U,E,2026-02-18,MODIFY,"NSTA_PIP_NO, LENGTH, NAME, DESCRIPTIO, EXPOSED, UNTRENCHED Updated",,Y,Y,Y,N
98,37.3,PL3294,Central Gas Jumper from Manifold M1J to Manifold M1C,BP EXPLORATION,GAS,ACTIVE,Glen Lyon Gas Lift / Export System,168.275,146.36,257,10.97,14458,14.458,yes,yes,,,Central Gas Jumper from Manifold M1J to Manifold M1C,,1122,89f0b1f9-8a56-47a6-929a-e7334573a5f6,PIPELINE,,0,,4230,ED50,,,,2026-02-18,NO CHANGE,,,Y,Y,Y,N
99,37.1,PL2203,W126 to Machar Production Manifold 6in Production Line,BP EXPLORATION,MIXED HYDROCARBONS,ACTIVE,ETAP Machar Production System,273.05,247.7,215,12.7,86,0.086,yes,no,,,W126 to Machar Production Manifold 6in Production Line,,1258,e0deedb2-8eda-40e6-b616-193967b42431,PIPELINE,,0,,4230,ED50,,,,2026-02-18,NO CHANGE,,,Y,Y,Y,N
100,37.0,PL2201,W124 to Machar Production Manifold 6in Production Line,BP EXPLORATION,MIXED HYDROCARBONS,ACTIVE,ETAP Machar Production System,273.1,248.5,215,12.3,51,0.051,yes,no,,,W124 to Machar Production Manifold 6in Production Line,,1109,5f6d689b-81bf-4132-a6e9-0000fdd4cbb0,PIPELINE,,0,,4230,ED50,,,,2026-02-18,NO CHANGE,,,Y,Y,Y,N
101,37.0,PL1357JW122,W122 to Machar Production Manifold 6in Production Line,BP EXPLORATION,MIXED HYDROCARBONS,ACTIVE,ETAP Machar Production System,273.1,248.5,215,12.3,57,0.057,yes,no,,,W122 to Machar Production Manifold 6in Production Line,,1177,0116bee4-e1ef-4752-8d33-8bc936c105bb,PIPELINE,,0,,4230,ED50,,,,2026-02-18,NO CHANGE,,,Y,Y,Y,N
102,36.8,PL2245,FPSO - 10in Production Flowline - 10in Flowline L122,BP EXPLORATION,MIXED HYDROCARBONS,NOT IN USE,Glen Lyon Disused Pipeline System,168.275,142.9,257,12.7,1327,1.327,yes,yes,,,FPSO - 10in Production Flowline - 10in Flowline L122,,1331,21235d94-15bb-4331-87de-c7fe5f86ef82,PIPELINE,,0,,4230,ED50,,,,2026-02-18,NO CHANGE,,,Y,Y,Y,N
103,36.2,PL3168,PL3168 - GEAD NORTH FIELD SSIV TO GEAD WELL HEAD PLATFORM,CNOOC INTERNATIONAL,MIXED HYDROCARBONS,ACTIVE,GEAD,219.1,200,175,9.5,300.666086872836,0.30066608687283597,yes,no,2014-08-01,,NORTH INFIELD SSIV TO GOLDEN EAGLE INFIELD PRODUCTION,,1982,5a26b8ec-edeb-43ca-bf79-6933956b3a18,PIPELINE,AEROGEL,,,23030,"UTM30, ED50",,T,B,2026-02-18,NO CHANGE,,510001164,Y,Y,Y,N
104,36.2,PL4721,STELLA NDC MANIFOLD TO WELL B3Y (SNP1) GAS LIFT LINE,ITHACA ENERGY,GAS,ACTIVE,,60.3,49.3,421,5.5,134,0.134,yes,no,,,STELLA NDC MANIFOLD TO WELL B3Y (SNP1) GAS LIFT LINE,Added 11/03/22,2966,e672bdac-20d6-4d52-a86b-cf06b791fe08,PIPELINE,,0,,23031,"UTM31, ED50",,,,2026-02-18,MODIFY,"NSTA_PIP_NO, NAME, DESCRIPTIO Updated",,Y,Y,Y,N
105,36.1,PL3081JNDC3,STELLA NDC MANIFOLD TO WELL B1X (SNP2) GAS LIFT LINE,ITHACA ENERGY,GAS,ACTIVE,,60.3,49.3,421,5.5,91,0.091,yes,no,,,STELLA NDC MANIFOLD TO WELL B1X (SNP2) GAS LIFT LINE,Added 11/03/22,2934,4e165bf5-a4b8-4c70-b8a4-115f70e9053f,PIPELINE,,0,,23031,"UTM31, ED50",,,,2026-02-18,MODIFY,"NSTA_PIP_NO, NAME, DESCRIPTIO Updated",,Y,Y,Y,N
106,36.1,PL3081JNDC4,STELLA NDC MANIFOLD TO WELL B2 2 INCH GAS LIFT LINE,ITHACA ENERGY,GAS,ACTIVE,,60.3,49.3,421,5.5,75,0.075,yes,no,,,STELLA NDC MANIFOLD TO WELL B2 2 INCH GAS LIFT LINE,Added 11/03/22,2936,576cfd14-accb-464c-9230-55fbcf48cef6,PIPELINE,,0,,23031,"UTM31, ED50",,,,2026-02-18,MODIFY,"NSTA_PIP_NO, NAME, DESCRIPTIO Updated",,Y,Y,Y,N
107,36.1,PL1645,GAS EXPORT FLEXIBLE RISER,DANA PETROLEUM LIMITED,GAS,ACTIVE,,273.1,251.3,200,10.9,555,0.555,no,no,,,GAS EXPORT FLEXIBLE RISER BETWEEN TRITON RISER BASE SY9502E AND TRITON FPSO,28/W/98 - GEOMETRY EXTRACTED FROM UK-TRI-OP-SUB-LAD-0002 DATED JULY 2023.,4618,cbd65df0-0cbc-4816-8107-055de7da69cc,RISER,,0,,0,,,,,2026-02-18,NO CHANGE,2025-05 RETURN. ATTRIBUTE CHANGES.,,Y,Y,Y,N
108,35.2,PL166,THISTLE TO MURCHISON SPUR (NLGP),ENQUEST PLC,GAS,ACTIVE,,152.4,143,147,12.7,11509.61643,11.50961643,yes,yes,2000-04-17,,THISTLE TO MURCHISON SPUR (NLGP) 6IN GAS LINE,PL165 Muchison to NLGP trunkline and PL166 NLGP trunkline to Thistle are BP operated and operational.The 2 pipelines are split at the intersection with the NLGP pipeline (PL164) at 432255E 6805951N. 2 20 metre spools connect the 2 pipelines with T1,1765,feb77c60-5e8d-4df7-997f-242135e2d325,PIPELINE,Coal Tar Enamel & Concrete,0,,4326,WGS84,,U,E,2026-02-18,NO CHANGE,No change from last reporting cycle,500003816,Y,Y,Y,N
109,35.1,PL6108,TRITON FPSO BITTERN GAS LIFT RISER,DANA PETROLEUM LIMITED,GAS,ACTIVE,,179.7,124,200,39,237,0.237,no,no,,,BITTERN 4INCH FLEXIBLE GAS LIFT RISER TRITON FPSO TO RISER BASE SY9507A,28/W/98 - GEOMETRY EXTRACTED FROM UK-TRI-OP-SUB-LAD-0002 DATED JULY 2023. ORIGINAL PWA 29/W/98 AS PART OF PL1649 BUT MOVED TO 28/W/98 TO REDUCE COMPLEXITIES FOR FUTURE DECOM.,4615,dc328401-9256-4115-9dd0-3d9f89281e2d,RISER,,0,,0,,,,,2026-02-18,NO CHANGE,2025-05 RETURN. ATTRIBUTE CHANGES.,,Y,Y,Y,N
110,35.0,PL2202,W125 to W120 6in Production Line,BP EXPLORATION,MIXED HYDROCARBONS,ACTIVE,ETAP Machar Production System,219.1,193.7,215,12.7,3863,3.863,yes,yes,,,W125 to W120 6in Production Line,,1179,a5335cae-502f-4d72-a36a-0c2293cc96fa,PIPELINE,,0,,4230,ED50,,,,2026-02-18,NO CHANGE,,,Y,Y,Y,N
111,34.5,PL72,NINIAN SOUTHERN GAS EXPORT PIPELINE,CNR INTERNATIONAL,GAS,NOT IN USE,,219.1,177.9,45,20.6,6514,6.514,yes,yes,1980-03-21,,NINIAN SOUTHERN TO NINIAN CENTRAL 8IN GAS IMPORT/EXPORT,,3156,8ead9319-d295-415a-92fa-d7e2caa53029,PIPELINE,Epoxy Coating,0,,0,,,T,E,2026-02-18,MODIFY,Status Update and Attribute Update,500005311,Y,Y,Y,N
112,34.2,PL4191,2in Gas Jumper between CP24 and M1X,BP EXPLORATION,GAS,ACTIVE,Glen Lyon Gas Lift / Export System,168.3,136.5,257,15.9,1491,1.491,yes,yes,,,2in Gas Jumper between CP24 and M1X,,1098,758d5821-4ec9-42e6-b23e-26dcc3effd0e,PIPELINE,,0,,4230,ED50,,,,2026-02-18,NO CHANGE,,,Y,Y,Y,N
113,34.2,PL3031,PL3031 - GEAD SOUTHERN DRILL CENTRE MANIFOLD TO GEAD SOUTH INFIELD SSIV,CNOOC INTERNATIONAL,MIXED HYDROCARBONS,ACTIVE,GEAD,168.3,152,175,7.92,4356.24707507985,4.3562470750798505,yes,yes,2013-04-04,,SDC TO GOLDEN EAGLE INFIELD PRODUCTION,,1975,401e58b5-25f8-4911-8ba2-190859224a73,PIPELINE,AEROGEL,,,23030,"UTM30, ED50",,T,B,2026-02-18,NO CHANGE,,510000883,Y,Y,Y,N
114,34.0,PL2006,Heather Alpha to Broom Manifold,ENQUEST PLC,GAS,NOT IN USE,,168.3,152.5,110,6.4,7600,7.6,yes,yes,2004-03-24,,"6"" Gas Lift",,1651,19fd6bcc-ea43-4097-8a4f-9435fe1ad4e0,PIPELINE,,0,,23031,"UTM31, ED50",,,,2026-02-18,MODIFY,Attributes updated,,Y,Y,Y,N
115,33.7,PL3037,PL3037 - GEAD WELL HEAD PLATFORM TO GEAD EXPORT SSIV,CNOOC INTERNATIONAL,GAS,ACTIVE,SAGE,168.3,146.3,180,10.9,223.626495763501,0.223626495763501,yes,no,2013-04-05,,PL3037 DESCRIPTION TO BE ADDED,,1980,e8cb0559-1ea2-410a-b346-233309eb1fb2,PIPELINE,3LPP,,,23030,"UTM30, ED50",,T,B,2026-02-18,NO CHANGE,,,Y,Y,Y,N
116,33.7,PL3037,PL3037 - GEAD PLEM TO ETTRICK PLEM,CNOOC INTERNATIONAL,GAS,ACTIVE,SAGE,168.3,146.3,180,10.9,85.5911136979059,0.0855911136979059,yes,no,2013-04-05,,GOLDEN EAGLE PLEM TO ETTRICK PLEM,,1997,c0fe0110-f284-4282-acf3-299a706af9dc,PIPELINE,3LPP,,,23030,"UTM30, ED50",,,,2026-02-18,NO CHANGE,,,Y,Y,Y,N
117,33.1,PL3031,PL3031 - GEAD WELL HEAD PLATFORM TO GEAD SOUTH INFIELD SSIV,CNOOC INTERNATIONAL,MIXED HYDROCARBONS,ACTIVE,GEAD,168.3,152,175,7.92,301.509205239358,0.301509205239358,yes,no,2013-04-04,,PL3031 DESCRIPTION TO BE ADDED,,1979,0d84be5d-6285-4dbb-b169-31fd0994fc59,PIPELINE,AEROGEL,,,23030,"UTM30, ED50",,T,B,2026-02-18,NO CHANGE,,510000883,Y,Y,Y,N
118,33.0,PL3642,Production Jumper Bundle from Manifold M1 to Manifold M1X - Production/Test,BP EXPLORATION,MIXED HYDROCARBONS,ACTIVE,Glen Lyon Central Production System,123.6,63.5,257,30.5,80,0.08,yes,no,,,Production Jumper Bundle from Manifold M1 to Manifold M1X - Production/Test,,1220,29d6a66a-16c0-4730-9718-df9b8471fceb,PIPELINE,,0,,4230,ED50,,,,2026-02-18,NO CHANGE,,,Y,Y,Y,N
119,33.0,PL3638,Production Jumper Bundle from M1X to XT CP01 (M1X) - Production/Test,BP EXPLORATION,MIXED HYDROCARBONS,ACTIVE,Glen Lyon Central Production System,123.6,63.5,257,30.5,62,0.062,yes,no,,,Production Jumper Bundle from M1X to XT CP01 (M1X) - Production/Test,,1267,26bbb583-3896-43b6-a3bc-8402cf42309b,PIPELINE,,0,,4230,ED50,,,,2026-02-18,NO CHANGE,,,Y,Y,Y,N
120,32.9,PL3637,Production Jumper Bundle from Manifold M1X to XT CP21 - Production/Test,BP EXPLORATION,MIXED HYDROCARBONS,ACTIVE,Glen Lyon Central Production System,123.6,63.5,257,30.5,40,0.04,yes,no,,,Production Jumper Bundle from Manifold M1X to XT CP21 - Production/Test,,1201,c84d55e9-3fe9-4247-93d8-7e8f5123d363,PIPELINE,,0,,4230,ED50,,,,2026-02-18,NO CHANGE,,,Y,Y,Y,N
121,32.9,PL4769,PN3 WELL TO NTM TOWHEAD,CNOOC INTERNATIONAL,MIXED HYDROCARBONS,ACTIVE,BUZZARD,308,142.9,248,12.7,50.8219783592187,0.0508219783592187,yes,no,,,"6"" PN3 WELL TO NTM TOWHEAD",,1819,9b13d551-423c-40b9-a4eb-962c867e44be,PIPELINE,FBE + GSPU,,,23030,"UTM30, ED50",,U,E,2026-02-18,NO CHANGE,,,Y,Y,Y,N
122,32.9,PL4763,PN7 WELL TO NTM TOWHEAD,CNOOC INTERNATIONAL,MIXED HYDROCARBONS,ACTIVE,BUZZARD,308,142.9,248,12.7,58.7418133146975,0.0587418133146975,yes,no,,,"6"" PN7 WELL TO NTM TOWHEAD",,1820,d0635a13-4292-4fe2-8ad6-be37f24447b7,PIPELINE,FBE + GSPU,,,23030,"UTM30, ED50",,U,E,2026-02-18,NO CHANGE,,,Y,Y,Y,N
123,32.0,PL2671,"TULLICH 1.5"" GAS LIFT AT WELL P31",TOTALENERGIES UPSTREAM UK LIMITED,GAS,NOT IN USE, ,103.5,38.1,207,32.7,112.16453082,0.11216453082,yes,no,,,"TULLICH MANIFOLD TO WELL P31 : 1.5"" GAS LIFT JUMPER",Gryphon A FPSO left Field on 15/10/25,5078,2db39add-2764-4b4f-995d-b8cb4a6d7678,PIPELINE, ,0, ,0, , , , ,2026-02-18,MODIFY,Gryphon Decommissioning Ongoing,,Y,Y,Y,N
124,32.0,PL1912JC,"TULLICH 4"" GAS LIFT AT WELL P15",TOTALENERGIES UPSTREAM UK LIMITED,GAS,NOT IN USE, ,138.9,101.6,200,18.6,55.79976689,0.05579976689,yes,no,,,"TULLICH MANIFOLD TO WELL P15 : 4"" GAS LIFT JUMPER",Gryphon A FPSO left Field on 15/10/25,5119,7a47e4d9-0a39-469c-b79b-b5864388a5f8,PIPELINE, ,0, ,0, , , , ,2026-02-18,MODIFY,Gryphon Decommissioning Ongoing,,Y,Y,Y,N
125,32.0,PL3111,"TULLICH 3"" GAS LIFT AT WELL P35",TOTALENERGIES UPSTREAM UK LIMITED,GAS,NOT IN USE, ,103.5,38.1,207,32.7,74.56869708,0.07456869708000001,yes,no,,,"TULLICH MANIFOLD TO WELL P35 : 3"" GAS LIFT JUMPER",Gryphon A FPSO left Field on 15/10/25,5120,65a91148-5ac4-4008-8ed8-d3396b92c54b,PIPELINE, ,0, ,0, , , , ,2026-02-18,MODIFY,Gryphon Decommissioning Ongoing,,Y,Y,Y,N
126,32.0,PL1912JB,"TULLICH 4"" GAS LIFT AT WELL P14",TOTALENERGIES UPSTREAM UK LIMITED,GAS,NOT IN USE, ,138.9,101.6,200,18.6,52.99573594,0.052995735940000004,yes,no,,,"TULLICH MANIFOLD TO WELL P14 : 4"" GAS LIFT JUMPER",Gryphon A FPSO left Field on 15/10/25,5130,5e0f25db-bb8c-4ccb-9a22-4e6680b26c12,PIPELINE, ,0, ,0, , , , ,2026-02-18,MODIFY,Gryphon Decommissioning Ongoing,,Y,Y,Y,N
127,31.8,PL3169,PL3169 - GEAD NORTHERN DRILL CENTRE MANIFOLD TO GEAD NORTH FIELD SSIV,CNOOC INTERNATIONAL,GAS,ACTIVE,GEAD,101.6,100,180,7.14,5867.63207813943,5.8676320781394296,yes,yes,2014-08-01,,NDC TO NORTH INFIELD SSIV,,1935,8fdf7f94-dfcd-4761-8217-41fc5c1bfa51,PIPELINE,3LPP,,P,23030,"UTM30, ED50",,T,B,2026-02-18,NO CHANGE,,510001165,Y,Y,Y,N
128,31.7,PL1415,FPSO - 10in Production Flowline - 10in Flowline L24,BP EXPLORATION,MIXED HYDROCARBONS,NOT IN USE,Glen Lyon Disused Pipeline System,88.9,73.7,257,7.6,1534,1.534,yes,yes,,,FPSO - 10in Production Flowline - 10in Flowline L24,,1325,e896d0c9-83ba-4f65-841f-6010b6d5ca34,PIPELINE,,0,,4230,ED50,,,,2026-02-18,NO CHANGE,,,Y,Y,Y,N
129,31.4,PL3032,PL3032 - GEAD SOUTHERN DRILL CENTRE MANIFOLD TO GEAD SOUTH INFIELD SSIV,CNOOC INTERNATIONAL,GAS,ACTIVE,GEAD,114.3,98.4,180,7.92,4358.00996782427,4.35800996782427,yes,yes,2013-04-04,,SDC TO GOLDEN EAGLE INFIELD GAS LIFT,,1976,7e42f0d1-1511-4be1-94a7-f534d489e62f,PIPELINE,3LPP,,P,23030,"UTM30, ED50",,T,B,2026-02-18,NO CHANGE,,510000884,Y,Y,Y,N
130,30.8,PL6012,"PL6012 DISCONNECTED GE MANIFOLD to GE-03 XMAS TREE 3"" FLEXIBLE JUMPER",SERICA ENERGY,GAS,NOT IN USE,,116.3,76.2,200,19.6,55,0.055,yes,no,,,"DISCONNECTED GE MANIFOLD to GE-03 XMAS TREE 3"" FLEXIBLE JUMPER",IDENT 1 from PL4421 MOVED TO PL6012,3919,0064d58c-7f40-4ef6-ad75-d1daa86889a9,PIPELINE,NORSOK M-501 7C / 0.35mm thick,0,,23031,ED_1950_UTM_Zone_31N,,,,2026-02-18,NO CHANGE,2024/09 Reporting of infrastructure within 500m safety zone. Previously unreported,,Y,Y,Y,N
131,30.8,PL6484,GNW TREE 21/24-W7Z (EC) PROD LINE,DANA PETROLEUM LIMITED,MIXED HYDROCARBONS,ACTIVE,,168.28,131.76,200,18.26,204,0.204,yes,no,,,4INCH PROD LINE BTW GNW 21/24-W7Z (EC) TREE AND DC1 (GW) MANIFOLD,30/W/98,4518,7efa8797-8774-4ec1-93e6-fee6af243116,PIPELINE,,,,,,,,,2026-02-18,MODIFY,2025-11 RETURN. ATTRIBUTE CHANGES.,,Y,Y,Y,N
132,30.7,PL6603,"PL6603 EVELYN EV02 6"" PRODUCTION TIE-IN SPOOLS",SERICA ENERGY,GAS,ACTIVE,,168.28,131.76,200,18.26,61,0.061,yes,no,,,"PL6603 EVELYN EV02 6"" PRODUCTION TIE-IN SPOOLS",,3939,c76bd797-2777-4229-b2a9-2fee07d0e699,PIPELINE,"Fusion Bonded Epoxy, Polypropylene, Glass Syntactic Polyurethane",0,P,23090,ED1950 TM 0 N,,,,2026-02-18,NO CHANGE,2025/05 Newly installed infrastrucutre.,,Y,Y,Y,N
133,30.7,PL6496,GNW TREE 21/24-W5Z (TF) PROD LINE,DANA PETROLEUM LIMITED,MIXED HYDROCARBONS,ACTIVE,,168.28,131.76,200,18.26,13.6,0.0136,yes,no,,,4INCH PROD LINE BTW GNW 21/24-W5Z (TF) TREE AND PRODUCTION TEE,30/W/98,4541,bb44f737-e5a5-4b2d-a374-8aa101187a88,PIPELINE,,,,,,,,,2026-02-18,MODIFY,2025-11 RETURN. ATTRIBUTE CHANGES.,,Y,Y,Y,N
134,30.3,PL3032,PL3032 - GEAD WELL HEAD PLATFORM TO GEAD SOUTH INFIELD SSIV,CNOOC INTERNATIONAL,GAS,ACTIVE,GEAD,114.3,98.4,180,7.92,301.353880022996,0.301353880022996,yes,no,2013-04-04,,PL3032 DESCRIPTION TO BE ADDED,,1978,d47c7b9a-667e-4cfa-ace4-5629adbf36c7,PIPELINE,3LPP,,,23030,"UTM30, ED50",,T,B,2026-02-18,NO CHANGE,,510000884,Y,Y,Y,N
135,30.2,PL3169,PL3169 - GEAD NORTH FIELD SSIV TO GEAD WELL HEAD PLATFORM,CNOOC INTERNATIONAL,GAS,ACTIVE,GEAD,101.6,100,180,7.14,305.14210455073,0.30514210455073,yes,no,2014-08-01,,NORTH INFIELD SSIV TO GOLDEN EAGLE INFIELD GL,Extended to have pipeline within 5 meter from VALVE,1981,600aa640-51a9-4b32-95cf-fbbff5b9e5ff,PIPELINE,3LPP,,,23030,"UTM30, ED50",,T,B,2026-02-18,NO CHANGE,,510001165,Y,Y,Y,N
136,28.3,PL1652.6,GW TREE 21/24-E2Y (TA) PROD LINE,DANA PETROLEUM LIMITED,MIXED HYDROCARBONS,NOT IN USE,,114.3,97.1,180,8.6,30.7,0.030699999999999998,yes,no,,,4INCH PROD LINE BTW GW TREE TA (21/24-E2Y) AND DC2 (GW) MANIFOLD,30/W/98,4496,d53abc09-07c8-4c12-b8a2-44955ecaee0d,PIPELINE,,0,,23090,ED_1950_TM_0_N,,,,2026-02-18,NO CHANGE,2025-05 RETURN. ATTRIBUTE CHANGES.,500005025,Y,Y,Y,N
137,28.0,PL917A,NINIAN CENTRAL GAS IMPORT RISER,CNR INTERNATIONAL,GAS,ACTIVE,,203.1,184.1,136,9.5,196,0.196,no,no,,,NINIAN CENTRAL GAS IMPORT RISER,,3243,0c3a91c2-49d7-4585-9609-3db23bb24c24,RISER,,,,,,,U,E,2026-02-18,NO CHANGE,NO CHANGE,,Y,Y,Y,N
138,27.8,PL6107,"GE 3"" Gas lift flexible",DANA PETROLEUM LIMITED,GAS,ACTIVE,,115.4,76.2,200,19.6,100,0.1,yes,no,,,"GEEBB to PL1649 Tee Spool 3"" Gas lift flexible",28/W/98 - GEOMETRY EXTRACTED FROM UK-TRI-OP-SUB-LAD-0002 DATED JULY 2023.,4629,a2ff2dae-3d5d-49ca-86a7-a799d7299d60,PIPELINE,,0,,0,,,,,2026-02-18,NO CHANGE,2025-05 RETURN. ATTRIBUTE CHANGES.,,Y,Y,Y,N
139,27.7,PL6485,GNW TREE 21/24-W7Z (EC) GAS LIFT JUMPER,DANA PETROLEUM LIMITED,GAS,ACTIVE,,88.9,73.66,200,19.8,218.1,0.2181,yes,no,,,2INCH GAS LIFT LINE BTW GNW 21/24-W7Z (EC) TREE AND DC1 (GW) MANIFOLD,30/W/98,4517,fe3da408-0744-4f4d-a88b-6005e6879c9f,PIPELINE,,,,,,,,,2026-02-18,MODIFY,2025-11 RETURN. ATTRIBUTE CHANGES.,,Y,Y,Y,N
140,27.6,PL4421.1,"PL4421 GEM to GETVS - 3"" Gas Lift Jumper",SERICA ENERGY,GAS,NOT IN USE,,88.9,88.9,180,7.62,0,0.0,yes,no,,,"PL4421 GEM to GETVS - 3"" Gas Lift Jumper",,3847,bea299ad-a1cf-4771-bb1c-f4c5257963af,PIPELINE,,0,,23031,ED_1950_UTM_Zone_31N,,,,2026-02-18,NO CHANGE,2024/09 UPDATED ROUTE AND METADATA,,Y,Y,Y,N
141,27.1,PL4768,NTM TOWHEAD TO PN3 WELL,CNOOC INTERNATIONAL,GAS,ACTIVE,BUZZARD,60,42,248,12.7,54.5464692422017,0.0545464692422017,yes,no,,,"2"" NTM TOWHEAD TO PN3 WELL",,1847,864d9f64-fabd-4160-931c-de4b77703f46,PIPELINE,FBE,,,23030,"UTM30, ED50",,U,E,2026-02-18,NO CHANGE,,,Y,Y,Y,N
142,26.6,PL4421.2,"PL4421 GETVS to Pipeline Flange - 3"" Gas Lift Jumper GE03",SERICA ENERGY,GAS,ACTIVE,,115.4,76.2,180,19.6,84,0.084,yes,no,,,"PL4421 GETVS to Pipeline Flange - 3"" Gas Lift Jumper GE03",,3829,481ff6d0-3c48-4efd-af95-207fa47a4e10,PIPELINE,,0,,23031,ED_1950_UTM_Zone_31N,,,,2026-02-18,MODIFY,2025/11 Edited polyline to remove geometry OGC and length errors,,Y,Y,Y,N
143,26.6,PL4421.3,"PL4421 GE Pipeline Flange to Well GE P-03 - 3"" Gas Lift Jumper GE03",SERICA ENERGY,GAS,ACTIVE,,115.4,76.2,180,19.6,70,0.07,yes,no,,,"PL4421 GE Pipeline Flange to Well GE P-03 - 3"" Gas Lift Jumper GE03",,3835,1e547525-0136-493e-b39c-9b75029dbbdb,PIPELINE,,0,,23031,ED_1950_UTM_Zone_31N,,,,2026-02-18,MODIFY,2025/11 Edited polyline to remove geometry OGC and length errors,,Y,Y,Y,N
144,26.2,PL2852,DUNLIN FUEL GAS IMPORT PIPELINE,FAIRFIELD ENERGY LIMITED,GAS,ABANDONED,DUNLIN,114.3,98.5,165,7.9,10097,10.097,yes,yes,2012-02-01,2019-09-21,"DUNLIN FUEL GAS IMPORT, 4"" PIPELINE","DECOMMISSIONED GAS IMPORT LINE, THISTLE ALPHA SSIV TO DUNLIN ALPHA, SURFACE SECTIONS REMOVED, RISER SECTION CONTAINED WITHIN PLATFORM LEG, MAIN SECTION TRENCHED AND BURIED",1793,41f0c092-d492-40c2-8226-fa6322c9be7d,PIPELINE,3LPP,0,,23090,ED_1950_TM_0_N,DECOMMISSIONED,T,B,2026-02-18,NO CHANGE,SUBMITTED AS FAIRFIELD FOR ADMINISTRATIVE PURPOSES ONLY,510000392,N,Y,Y,N
145,25.3,PL1652.2,GW TREE 21/24-W2Y (TE) PROD LINE,DANA PETROLEUM LIMITED,MIXED HYDROCARBONS,ACTIVE,,114.3,97.1,180,8.6,32.8,0.032799999999999996,yes,no,,,4INCH PROD LINE BTW GW TREE TE (21/24-W2Y) AND DC1 (GW) MANIFOLD,30/W/98,4497,a06a57a5-3431-4e01-92a1-43166ad33d67,PIPELINE,,0,,23090,ED_1950_TM_0_N,,,,2026-02-18,NO CHANGE,2025-05 RETURN. ATTRIBUTE CHANGES.,500005027,Y,Y,Y,N
146,25.3,PL1652.7,GW TREE 21/24-E1 (TB) PROD LINE,DANA PETROLEUM LIMITED,MIXED HYDROCARBONS,ACTIVE,,114.3,97.1,180,8.6,36.2,0.0362,yes,no,,,4INCH PROD LINE BTW GW TREE TB (21/24-E1) AND DC2 (GW) MANIFOLD,30/W/98 Geometry digitsed to mirror DWG April 2022,4498,e5837898-6f4b-41d4-baa8-4498e19ef449,PIPELINE,,0,,23090,ED_1950_TM_0_N,,,,2026-02-18,NO CHANGE,2025-05 RETURN. ATTRIBUTE CHANGES.,500005029,Y,Y,Y,N
147,25.3,PL1652.1,GW TREE 21/24-W1Z (TD) PROD LINE,DANA PETROLEUM LIMITED,MIXED HYDROCARBONS,ACTIVE,,114.3,97.1,180,8.6,33.6,0.033600000000000005,yes,no,,,4INCH PROD LINE BTW GW TREE TD (21/24-W1Z) AND DC1 (GW) MANIFOLD,30/W/98,4501,02d13660-e2d7-4d67-902a-cbf1741e3070,PIPELINE,,0,,23090,ED_1950_TM_0_N,,,,2026-02-18,NO CHANGE,2025-05 RETURN. ATTRIBUTE CHANGES.,500005023,Y,Y,Y,N
148,25.2,PL4762,NTM TOWHEAD TO PN7 WELL,CNOOC INTERNATIONAL,GAS,ACTIVE,BUZZARD,60,42.8,215,12.7,53.6533864069106,0.0536533864069106,yes,no,,,"2"" NTM TOWHEAD TO PN7 WELL",,1851,9b415c6a-1a36-41a9-b91a-650e2f60af13,PIPELINE,FBE,,,23030,"UTM30, ED50",,U,E,2026-02-18,NO CHANGE,,,Y,Y,Y,N
149,25.0,PL6611,PL6611 3 INCH GAS LIFT - BELINDA BE01 TO GEEBB MANIFOLD,SERICA ENERGY,GAS,ACTIVE, ,88.9,73.7,180,7.6,4581,4.581,yes,yes,,,3 INCH GAS LIFT PIGGYBACKED PIPELINES, ,3987,cc00f26a-7248-4850-894b-0a589ef7539d,PIPELINE,3 layer polypropylene and galss flake epoxy,0, ,23090,ED1950 TM 0 N, ,T,B,2026-02-18,ADD,2025/09 NEWLY LAID PIPELINE,,Y,Y,Y,N
150,24.9,PL6606,"PL6606 EVELYN EV02 3"" GAS LIFT TIE-IN SPOOLS",SERICA ENERGY,GAS,ACTIVE,,88.9,73.66,200,7.62,61,0.061,yes,no,,,"PL6606 EVELYN EV02 3"" GAS LIFT TIE-IN SPOOLS",,3938,0902fb04-b9ef-45f6-8778-e229ee4b7816,PIPELINE,"Fusion Bonded Epoxy, Polypropylene",0,,23090,ED1950 TM 0 N,,,,2026-02-18,NO CHANGE,2025/05 Newly installed infrastrucutre.,,Y,Y,Y,N
151,24.9,PL6495,GNW TREE 21/24-W5Z (TF) GAS LIFT,DANA PETROLEUM LIMITED,GAS,ACTIVE,,88.9,73.66,200,7.62,17.5,0.0175,yes,no,,,2INCH GAS LIFT LINE BTW GNW  21/24-W5Z (TF) TREE AND GAS LIFT TEE,30/W/98,4540,7af4f365-a82f-45a2-bdda-1f8f1720b13c,PIPELINE,,,,,,,,,2026-02-18,MODIFY,2025-11 RETURN. ATTRIBUTE CHANGES.,,Y,Y,Y,N
152,23.7,PL2682,GNW TREE 21/24-W6Y (W6) GAS JUMPER,DANA PETROLEUM LIMITED,GAS,ACTIVE,,60.3,49.22,200,8.74,48.65,0.04865,yes,no,,,4INCH GAS LIFT JUMPER BTW GNW TREE W6 (21/24-W6Y) AND DC1 (GW) MANIFOLD 2022,30/W/98 Geometry digitsed to mirror DWG April 2023. 231/V/22 - The original PL2682 was disconnected to be left in-situ on the seabed and has been given the new pipeline number of PL6136,4567,c2676d66-a379-443d-8226-96410b50071e,PIPELINE,,0,,0,,,,,2026-02-18,NO CHANGE,2025-05 RETURN. ATTRIBUTE CHANGES.,,Y,Y,Y,N
153,23.3,PL2584,NPR TO WD GAS LIFT,ENQUEST PLC,GAS,ABANDONED,,88.9,73.7,150,15.2,2300,2.3,yes,yes,2008-08-16,,WEST DON GAS LIFT,PARTIALLY ABANDONED -,1630,eb5da536-75eb-434b-b374-e04715dfd494,PIPELINE,,0,,23031,"UTM31, ED50",,T,,2026-02-18,MODIFY,Attributes updated,500007671,Y,Y,Y,N
154,23.1,PL6137,CLAPHAM GAS LIFT FLOWINE DC6 TO DC5 IDENT 2,DANA PETROLEUM LIMITED,GAS,ABANDONED,,138.9,101.6,200,18.65,64,0.064,yes,no,,,4INCH GAS LIFT LINE BTW DC6 (WEST EXT) AND DC5 (CLAPHAM) IDENT 2 DISCONNECTED AT DC6,10/W/03 - DIGITISED FROM DWG FILE UK-TRI-OP-SUB-LAD-0002 BUT NOTE LINE NOT ON DWG BUT NEXT TO OLD LINE. 10/W/03 AND 240/V/22,4569,9c2ce589-5d75-4100-b9b4-fcc611541f33,PIPELINE,,0,,0,,,,,2026-02-18,NO CHANGE,2025-05 RETURN. ATTRIBUTE CHANGES.,,Y,Y,Y,N
155,19.9,PL6611,PL6611 3 INCH GAS LIFT TIE-IN SPOOL,SERICA ENERGY,GAS,ACTIVE, ,88.9,7.7,180,7.6,44.9,0.044899999999999995,no,no,,,3 INCH GAS LIFT TIE-IN SPOOL, ,3992,bb60c10e-b203-4c73-a3ee-d36570c34b86,UMBILICAL,Glass Flake Epoxy,0,,23090,ED1950 TM 0 N,,U,E,2026-02-18,ADD,2025/09 ADDITION Newly installed,,Y,Y,Y,N
